CODGEO;POP;SUPERF;NAIS1420;DECE1420;MEN;LOG;RP;RSECOCC;LOGVAC;RP_PROP;EMPLT;EMPLT_SAL;POP1564;CHOM1564;ACT1564;Ville
1053;41681;23.86;3014;2660;20640;23701;20640;600;2460;7603;32539;30006;25394;2974;17419;Bourg-en-Bresse
1283;22271;36.18;1785;1057;9564;11282;9564;235;1483;3466;10501;9430;13326;1562;9587;Oyonnax
2408;24091;42.0;2017;1536;11795;13522;11795;209;1517;3710;15765;14667;15102;2548;9945;Laon
2691;53100;22.56;4054;3970;25873;30385;25873;433;4079;10351;26829;24487;32049;5078;21755;Saint-Quentin
2722;28888;12.32;2140;1768;13807;15217;13807;206;1202;4631;13876;12513;16834;2989;11587;Soissons
3185;33822;20.67;2133;2963;17767;24078;17767;722;5588;8518;18218;16547;19702;2728;14119;Montluçon
3310;25372;5.85;1478;2487;15534;22182;15534;1818;4828;6629;12121;10278;13289;1904;8829;Vichy
4112;23018;56.73;1663;1529;11071;13043;11071;427;1544;5178;13399;11619;13367;1578;9761;Manosque
5061;40111;110.43;2316;2265;20082;22721;20082;820;1819;10424;21680;18757;23987;2159;17853;Gap
6004;74709;26.48;5439;5208;37938;64150;37938;22906;3305;20687;31516;25891;43844;4369;34009;Antibes
6027;52100;17.95;3240;3445;25766;32517;25766;5024;1726;14592;15139;11794;30113;2755;23624;Cagnes-sur-Mer
6029;72435;19.62;4839;6383;37033;72258;37033;33692;1532;17134;38814;31906;40599;4920;29687;Cannes
6030;42125;7.71;2961;3140;21225;26543;21225;3950;1367;12225;8801;6653;24466;2501;18467;Le Cannet
6069;48708;44.44;3844;2866;20820;26067;20820;2889;2357;11544;19393;16233;30034;3109;22599;Grasse
6079;21772;31.37;1253;1546;11204;21724;11204;9402;1116;6563;7840;6289;11993;1270;9558;Mandelieu-la-Napoule
6083;30679;14.05;562;1670;14825;29277;14825;12430;2021;8359;9009;7308;17996;1774;13867;Menton
6085;20180;25.64;1118;1161;8791;11488;8791;2145;552;5482;10311;8574;12433;1021;9865;Mougins
6088;343477;71.92;27827;22406;168934;233824;168934;32106;32783;80124;148759;124143;207997;21397;147591;Nice
6123;30141;10.11;2223;1830;14617;18869;14617;2256;1995;7955;12763;10748;18212;1568;14611;Saint-Laurent-du-Var
6155;27970;13.04;2116;2057;13170;20371;13170;5905;1294;7103;8289;6673;15797;1814;11663;Vallauris
8105;46388;31.44;3264;3262;22529;26364;22529;341;3493;7826;27314;25122;28397;4473;19338;Charleville-Mézières
10387;62597;13.2;4669;3497;33194;38422;33194;1663;3564;9609;33072;29624;40077;6248;26932;Troyes
11069;46673;65.08;3257;3240;23294;27397;23294;1345;2757;10998;31456;27836;27727;3972;19515;Carcassonne
11262;56123;172.96;3349;3825;28914;38377;28914;6266;3195;12307;29020;24495;32948;4694;22920;Narbonne
12145;21482;168.23;1122;1517;10541;13103;10541;1065;1496;6147;9580;8019;12429;1148;9211;Millau
12202;24397;11.18;1360;1514;14047;16378;14047;654;1677;5923;21248;19096;15893;1176;11068;Rodez
13001;147122;186.08;9176;6847;73933;87049;73933;5330;7785;28682;98392;84859;99323;7993;68933;Aix-en-Provence
13002;21546;50.3;1134;1130;8814;9874;8814;406;653;6571;3514;2607;12933;886;9884;Allauch
13004;50968;758.93;3775;3368;23602;28408;23602;1399;3406;12030;19347;15861;30433;3068;20480;Arles
13005;47190;54.9;3061;3003;20412;22431;20412;324;1694;9850;27086;23837;28566;2889;20827;Aubagne
13028;36441;31.46;2263;2583;18257;23748;18257;4574;917;8926;13770;11361;21361;2029;15619;La Ciotat
13041;21501;27.02;1722;957;9557;10206;9557;89;559;4732;8005;6775;13652;1161;10022;Gardanne
13047;44438;113.73;2963;1800;19775;20954;19775;379;800;10203;16091;14509;27990;2467;21014;Istres
13054;32515;23.16;2799;1813;14014;15395;14014;258;1123;8301;23878;22205;19860;2020;14610;Marignane
13055;870321;240.62;76424;44962;405640;458032;405640;14916;37475;175318;352741;305239;544816;58115;365704;Marseille
13056;48506;71.44;3509;2540;22572;25850;22572;1788;1490;10545;20298;18270;29231;3111;21350;Martigues
13063;26433;25.74;2224;1311;11052;11828;11052;81;694;4974;8260;7365;15779;1626;11174;Miramas
13071;21897;33.66;1285;1120;9131;9855;9131;118;605;6592;6837;5743;13120;827;9875;Les Pennes-Mirabeau
13103;45009;70.3;3649;2415;20088;22750;20088;232;2429;9732;20615;17963;27999;2855;20988;Salon-de-Provence
13117;34418;36.58;3021;1473;13727;14980;13727;187;1065;7861;24366;22364;21300;2241;15462;Vitrolles
14118;107250;25.7;6736;5596;60463;68976;60463;2469;6043;17904;75732;67964;74203;7779;47523;Caen
14327;22150;10.64;1692;907;11028;11927;11028;155;743;3120;12448;11606;14498;1990;9930;Hérouville-Saint-Clair
15014;25703;28.76;1264;2444;14126;17335;14126;725;2483;6733;21304;19373;15695;1463;11218;Aurillac
16015;41407;21.85;3047;2396;22894;26359;22894;641;2823;8205;29211;26243;26883;4098;19442;Angoulême
17299;23410;21.95;1300;1999;12629;15700;12629;1682;1388;5688;17729;15957;13856;2055;10086;Rochefort
17300;77210;28.43;4109;4344;43499;54048;43499;6942;3606;16088;48315;41421;48979;5849;32889;La Rochelle
17415;25412;45.55;1290;2148;13867;15800;13867;365;1568;6826;20138;17949;14809;1791;10741;Saintes
18033;64362;68.74;4389;4592;32622;38724;32622;1026;5075;15436;38842;35679;39625;4432;28104;Bourges
18279;25045;74.5;1770;2367;12285;15120;12285;279;2555;7162;10320;9284;13792;2179;9770;Vierzon
19031;45910;48.59;2798;3339;24099;28670;24099;1136;3434;12165;29004;25743;26729;2656;19241;Brive-la-Gaillarde
21054;20122;31.3;1226;1492;10270;12191;10270;655;1265;4808;14607;12727;12207;1095;9412;Beaune
21231;159106;40.41;10090;7264;87112;97655;87112;3326;7216;34483;95963;86390;109232;10655;75125;Dijon
22113;20451;43.91;935;1304;10255;11773;10255;696;821;5495;15393;13895;12675;1379;8699;Lannion
22278;44166;21.88;2968;3497;22914;27270;22914;1335;3020;11133;27042;24694;27193;3188;19153;Saint-Brieuc
24037;26360;56.1;1426;2352;14099;16918;14099;790;2028;7240;15008;12787;14180;1881;10076;Bergerac
24322;29255;9.82;1668;2271;16946;20208;16946;706;2555;5922;21959;19438;18618;2352;13391;Périgueux
25056;118258;65.05;8696;5481;62743;71717;62743;1774;7199;22004;71383;64886;79398;8445;52723;Besançon
25388;25726;15.01;2009;1582;11669;13748;11669;307;1771;4523;16540;15362;15134;2265;10310;Montbéliard
26198;39790;46.81;2832;2098;19011;21429;19011;509;1908;9039;22716;19775;23801;2978;17223;Montélimar
26281;32818;33.08;2321;2243;16003;18457;16003;280;2173;7931;17437;15412;19244;2405;14110;Romans-sur-Isère
26362;64431;36.69;5284;3657;32281;38220;32281;1332;4606;14039;47385;42692;40043;4755;28835;Valence
27229;46869;26.46;4384;2738;22434;26424;22434;352;3637;7124;35527;33071;29773;4216;20783;Évreux
27681;24056;34.92;2177;1416;10705;12372;10705;195;1470;4712;9876;8758;14605;1700;10451;Vernon
28085;38443;16.85;2841;2755;19486;22948;19486;828;2633;7812;29796;27169;23734;2434;17948;Chartres
28134;30744;24.27;3279;1608;12109;13985;12109;195;1680;5318;14577;13385;18368;2875;12672;Dreux
29019;139456;49.51;9610;7587;75656;84402;75656;3052;5692;32335;81467;74794;95348;10146;64825;Brest
29039;20209;41.08;795;1745;10819;14094;10819;2113;1161;6591;8677;7461;11582;1203;8241;Concarneau
29232;63473;84.45;3582;3961;33898;38544;33898;1107;3538;18668;44737;40341;40786;4072;29721;Quimper
2A004;72647;82.03;3123;3651;30928;35338;30928;3256;1153;14194;38156;33501;43086;2976;32591;Ajaccio
2B033;48296;19.38;2178;2313;20697;21298;20697;276;324;8331;24514;20716;29962;2309;20464;Bastia
30007;42867;23.16;2534;3017;22316;25256;22316;381;2558;8534;22408;19167;25332;4181;16163;Alès
30189;147496;161.85;11781;8593;70635;82514;70635;4183;7694;27629;79510;69606;90663;12036;59020;Nîmes
31069;26101;16.88;1865;953;12893;14011;12893;524;593;6145;37857;36116;17319;1563;13900;Blagnac
31149;39866;20.83;3021;1440;18213;18817;18213;326;278;9065;31410;29429;25423;2292;19765;Colomiers
31157;20100;13.01;1466;575;8731;9322;8731;119;471;4575;5231;4403;12556;1227;9751;Cugnaux
31395;24762;57.84;1660;1317;11082;12309;11082;167;1058;5539;12972;11311;15503;1644;11257;Muret
31555;498003;118.3;40456;16654;270267;306782;270267;11705;24809;86730;337044;299131;360644;39158;256739;Toulouse
31557;28763;18.17;1743;802;12740;13737;12740;359;637;7631;6431;5310;18445;1359;14427;Tournefeuille
32013;22518;72.48;1219;1745;11884;13721;11884;476;1360;5211;17161;15364;13307;1385;9461;Auch
33039;30543;9.96;2274;1458;14407;15673;14407;315;950;6080;12599;11079;20272;2128;15495;Bègles
33063;259809;49.36;18653;10842;142874;163660;142874;8447;12338;45909;199554;170775;185951;17848;133474;Bordeaux
33069;24006;5.28;1504;1380;11815;12969;11815;289;864;6615;5821;4503;14408;1119;11303;Le Bouscat
33119;26047;5.52;2255;1171;12424;13645;12424;161;1059;4134;8377;7070;16877;1958;11888;Cenon
33162;24202;12.01;1877;1000;11056;11665;11056;86;522;5374;8592;7384;15460;1532;12430;Eysines
33192;25871;15.77;1363;1347;12232;13027;12232;252;541;6171;10505;9253;16312;1281;11272;Gradignan
33199;22036;53.99;929;1299;10506;13232;10506;1989;735;6990;4948;3622;12776;1217;9494;Gujan-Mestras
33243;24432;20.63;1683;1524;12341;14044;12341;334;1368;5237;17905;15792;14709;1908;10891;Libourne
33249;22913;7.36;2309;1018;10198;10959;10198;203;556;2985;8712;7642;14486;2070;10469;Lormont
33281;74009;48.17;4739;3113;37132;40395;37132;1805;1456;17749;58554;54096;49196;4308;38507;Mérignac
33318;65866;38.82;3734;2763;31608;33422;31608;554;1258;14900;33737;30603;44125;3823;30496;Pessac
33449;32357;85.28;1702;1233;13859;14311;13859;108;343;8782;10910;9601;20008;1429;15680;Saint-Médard-en-Jalles
33522;44359;8.35;2823;1637;25052;27392;25052;942;1397;8134;14638;12778;32685;2885;21036;Talence
33529;26269;180.2;1195;2001;13401;19009;13401;5030;577;7863;12791;10690;15101;1492;11537;La Teste-de-Buch
33550;38444;21.26;2593;1488;17943;18977;17943;243;789;9098;10472;8903;25668;2251;20256;Villenave-d'Ornon
34003;29201;50.81;1551;2218;15105;49827;15105;33610;1111;8120;9660;7473;15747;2845;10773;Agde
34032;78683;95.48;6639;5506;37108;46844;37108;2151;7584;15569;40075;34327;45592;6356;28306;Béziers
34057;23469;11.18;1446;878;11536;12641;11536;307;797;5495;9989;8508;14967;1299;11304;Castelnau-le-Lez
34108;23485;31.72;1401;1353;10650;14157;10650;3000;506;6365;6138;5077;14048;1568;10423;Frontignan
34145;26356;23.9;2028;1485;11432;12403;11432;170;800;5987;9019;7500;15881;2107;11253;Lunel
34172;299096;56.88;22893;10496;156459;177110;156459;7550;13101;48450;168989;145397;208168;27142;136819;Montpellier
34301;44576;24.21;2695;3339;23489;32912;23489;7053;2369;10802;16999;14076;24537;3263;16212;Sète
35115;20505;10.46;1145;1491;10772;12034;10772;218;1043;4645;11880;10918;12124;1419;8817;Fougères
35238;222485;50.39;15851;8757;117698;131904;117698;5541;8664;41100;148572;134615;157956;15910;105532;Rennes
35288;46995;36.58;2227;4043;25139;36877;25139;9873;1864;12983;28258;24419;26040;2296;18590;Saint-Malo
36044;43331;25.54;2921;3011;21947;26388;21947;657;3783;10241;23797;21789;25618;3211;18645;Châteauroux
37122;38750;32.41;2815;1996;17870;19209;17870;172;1166;8879;13080;11824;23193;2794;17037;Joué-lès-Tours
37261;137850;34.67;9732;6821;76487;88662;76487;3186;8988;25012;86209;77574;92553;10954;65088;Tours
38053;29389;24.37;2494;1469;13391;14799;13391;227;1180;5170;17978;15941;18114;2210;13882;Bourgoin-Jallieu
38151;36970;7.86;3338;1711;16041;17352;16041;216;1094;7399;16787;15503;21969;2654;15601;Échirolles
38169;23049;6.74;1887;1021;10870;11840;10870;114;855;5910;6599;5708;14586;1530;11044;Fontaine
38185;158240;18.13;13355;6607;83457;100467;83457;4808;12201;30701;98295;86340;109073;11063;76063;Grenoble
38421;38188;9.26;2946;1289;17210;18445;17210;239;994;7539;17183;15773;26982;2476;17064;Saint-Martin-d'Hères
38544;30059;22.65;2462;1714;14300;16252;14300;243;1708;5937;15325;13323;18332;1670;13662;Vienne
38563;20332;21.9;1509;1175;10150;11716;10150;181;1384;4677;11111;9495;12083;1192;9240;Voiron
39198;23611;38.37;1455;1523;12220;13569;12220;193;1154;5641;14144;12756;13714;1390;9597;Dole
40088;21044;19.7;1112;2161;11948;16581;11948;3120;1512;4595;15113;13146;12394;1755;8985;Dax
40192;29953;36.88;1697;1769;14739;16692;14739;325;1626;7200;22673;20702;19115;1926;13443;Mont-de-Marsan
41018;46660;37.46;3911;2655;22800;27077;22800;935;3341;8709;32461;29896;28300;3651;19524;Blois
42187;34415;16.12;2490;2545;18895;22813;18895;698;3219;7612;23390;20944;20123;2551;13634;Roanne
42207;35309;54.88;2595;2249;15285;17789;15285;145;2358;7382;11802;10289;20544;2148;14456;Saint-Chamond
42218;174082;79.97;13635;10420;85925;100669;85925;2402;12341;34065;82860;73608;107718;14649;72911;Saint-Étienne
44020;20450;31.5;1588;865;8520;8849;8520;62;266;5558;12904;12093;12993;979;9862;Bouguenais
44026;20463;43.42;994;861;8863;9952;8863;697;391;5231;18903;17701;13277;762;9321;Carquefou
44047;22680;44.03;1505;780;9479;9912;9479;68;364;6473;6664;5823;14620;963;11504;Couëron
44109;320732;65.19;25172;12656;168719;188419;168719;8629;11070;62431;204501;181926;222966;23445;162583;Nantes
44114;27438;27.67;1731;1262;11913;12706;11913;222;571;7864;12932;11733;16623;1219;12666;Orvault
44143;42993;13.78;3252;2201;20190;21810;20190;413;1206;11902;15566;13662;27235;2311;21206;Rezé
44162;49067;30.02;4224;1760;22822;24715;22822;517;1375;12849;44277;41666;30542;2912;23488;Saint-Herblain
44184;71887;46.79;4659;4573;35993;42243;35993;2796;3453;17432;40378;36772;42952;4720;31241;Saint-Nazaire
44190;27958;11.66;1806;1317;13430;14249;13430;240;577;8165;6978;6097;17377;1280;13606;Saint-Sébastien-sur-Loire
44215;25879;35.68;1471;1047;11160;11817;11160;174;482;7978;9813;8491;16090;916;12413;Vertou
45147;21104;10.12;2009;941;9292;9978;9292;99;586;4939;10501;9888;12838;1564;9830;Fleury-les-Aubrais
45232;22503;23.39;1192;1044;11101;11890;11101;188;601;6020;10510;9598;14121;910;10226;Olivet
45234;117026;27.48;10719;4732;58194;66934;58194;2085;6654;20772;69966;63726;77333;8896;56237;Orléans
45284;21396;13.7;1643;743;9318;10031;9318;113;598;4844;10648;9978;13475;1343;10200;Saint-Jean-de-Braye
46042;20159;64.72;1063;1619;10907;13081;10907;511;1661;5233;14389;12653;11816;1547;8575;Cahors
47001;32214;11.49;2510;2364;17320;21869;17320;1168;3380;5553;24787;22342;20590;2646;15141;Agen
47323;21690;81.32;1409;1873;10982;13193;10982;285;1925;6015;11129;9739;11972;1606;8290;Villeneuve-sur-Lot
49007;155876;42.71;11245;7346;83008;91382;83008;2675;5698;26912;89068;80203;104353;12590;71106;Angers
49023;23465;230.45;1577;1233;9452;10175;9452;129;592;7023;8198;6994;13966;860;11167;Beaupréau-en-Mauges
49092;21187;323.98;1552;1272;8441;9335;8441;153;739;5977;8539;7215;12956;742;10359;Chemillé-en-Anjou
49099;54357;87.47;3369;2694;25742;27616;25742;502;1371;14409;36713;33737;32549;3390;24914;Cholet
49301;25519;213.07;1831;1224;10132;10805;10132;89;583;7744;8173;6924;15742;892;12810;Sèvremoine
49328;26154;66.25;1554;2046;13323;15918;13323;836;1758;6251;14834;13051;15303;1888;10856;Saumur
50129;77789;68.54;4666;5067;38940;43509;38940;1626;2941;16990;39290;36263;49295;4560;36564;Cherbourg-en-Cotentin
51108;44336;26.05;3254;2644;21732;24058;21732;416;1909;7753;22850;21090;28039;3390;20294;Châlons-en-Champagne
51230;22362;22.69;1558;1670;11459;13408;11459;491;1457;4945;13732;12455;13559;1698;10184;Épernay
51454;180318;46.9;15070;9032;92510;105995;92510;3402;10082;25152;92399;83786;121055;14839;82751;Reims
52121;21770;55.26;1214;1322;11354;12833;11354;335;1143;4691;15037;13985;13585;1445;10322;Chaumont
52448;23085;47.69;1588;1775;11231;13327;11231;278;1817;4813;15165;14081;14300;1911;9669;Saint-Dizier
53130;49617;34.22;3537;2802;25880;28954;25880;763;2309;11000;35929;33327;30814;3098;22336;Laval
54395;104403;15.01;6867;4490;59526;71011;59526;3341;8144;16370;68980;61502;76342;8091;48885;Nancy
54547;29723;9.46;2238;1268;15533;17232;15533;287;1411;4758;17993;16942;20200;2075;11257;Vandœuvre-lès-Nancy
56098;22940;18.37;1362;1435;10638;11549;10638;146;763;6200;9284;8442;13991;1438;10193;Lanester
56121;57412;17.48;3855;3591;32333;36486;32333;1232;2920;13486;35270;31091;36571;4350;25266;Lorient
56260;54017;32.3;3176;3714;29457;34970;29457;2578;2934;13332;43304;38623;32735;3305;22827;Vannes
57227;21509;16.32;1544;1344;9172;11032;9172;82;1776;3736;10334;9542;13189;2110;8305;Forbach
57463;120211;41.94;9196;6036;60458;70312;60458;1723;8130;20061;80624;73839;81571;9045;56714;Metz
57480;21788;6.7;1232;1463;11088;12140;11088;138;913;4293;4946;4370;13455;1419;10199;Montigny-lès-Metz
57631;20555;29.67;1283;1547;10061;11869;10061;186;1621;4387;16469;15254;13109;1518;9212;Sarreguemines
57672;41383;49.88;2600;2337;20317;22876;20317;392;2166;9175;19995;18153;26540;2424;20192;Thionville
58194;32284;17.33;2129;2601;17581;22072;17581;800;3690;7297;20833;19074;19070;2392;12658;Nevers
59009;61258;27.46;4830;2005;26906;29145;26906;871;1367;10853;54740;51749;41716;4754;27578;Villeneuve-d'Ascq
59017;25225;6.28;2318;1314;11221;12567;11221;83;1261;5365;9865;9072;15763;2089;11369;Armentières
59122;31559;18.18;2122;2388;16036;18170;16036;189;1944;6987;17785;15973;19262;3130;13771;Cambrai
59155;20708;9.14;1371;1239;9234;9871;9234;59;578;5308;4917;4511;12884;1463;9458;Coudekerque-Branche
59163;20574;4.44;1758;995;9506;10506;9506;171;829;5098;7226;6326;13168;1338;9795;Croix
59172;20415;11.52;2206;1219;7805;9022;7805;33;1183;3090;7699;7153;12573;2553;7607;Denain
59178;39842;16.88;3323;2470;18149;22046;18149;306;3590;6500;25924;23976;25576;3768;16720;Douai
59183;86545;43.89;6184;5357;41630;46462;41630;1466;3364;18923;43967;40603;53427;7859;37668;Dunkerque
59271;20635;21.44;2027;850;7847;8213;7847;20;345;2893;12316;11900;12333;2171;7885;Grande-Synthe
59279;20812;12.56;1670;817;8237;8743;8237;56;449;5279;4193;3697;13083;1260;9831;Halluin
59295;21464;26.2;1332;1360;9490;10214;9490;91;632;5389;9207;8365;13055;1294;9557;Hazebrouck
59328;27425;6.16;2150;1257;12440;13376;12440;168;767;7620;7345;6288;17187;1362;13004;Lambersart
59350;236234;34.83;19858;8554;124166;141987;124166;4962;12858;34421;175931;160144;174700;21037;117720;Lille
59360;22896;6.95;2173;957;10795;11778;10795;127;855;4191;8297;7560;15524;2028;11003;Loos
59368;22214;2.84;1969;987;11391;12933;11391;363;1179;5054;9069;7999;14830;1552;11777;La Madeleine
59378;38604;14.04;2761;2170;17399;19011;17399;243;1368;10247;21879;19692;23948;1806;18326;Marcq-en-Barœul
59392;29625;18.85;2572;1828;12698;14173;12698;144;1330;5721;15383;14297;18178;3696;11569;Maubeuge
59410;21564;2.88;1930;894;8991;9765;8991;72;702;4217;4958;4428;13880;1654;9930;Mons-en-Barœul
59512;98066;13.23;11461;4201;37310;41955;37310;300;4343;12445;37959;34467;60860;10976;37004;Roubaix
59599;99165;15.19;10132;4095;40588;44926;40588;233;4104;19279;27610;24673;63114;9405;44922;Tourcoing
59606;42738;13.82;3486;2508;21785;26029;21785;654;3590;7244;32504;30134;28678;3922;18992;Valenciennes
59646;20980;6.86;1662;1222;9352;9969;9352;76;540;5227;12449;11576;12943;1068;10098;Wasquehal
59650;41015;13.44;3237;1943;16822;17458;16822;46;590;9432;7982;7105;25914;3394;19023;Wattrelos
60057;56889;33.31;5150;3000;25775;28778;25775;307;2696;8938;38668;35990;36332;5383;24697;Beauvais
60159;40453;53.1;3065;2358;19578;21652;19578;367;1705;6853;26155;23844;25780;2734;17290;Compiègne
60175;35970;11.09;4352;1302;13010;14003;13010;66;926;2535;14787;13707;22330;3631;14426;Creil
60463;21589;7.46;2067;838;8015;8563;8015;32;516;3283;5440;5036;13200;1662;8857;Nogent-sur-Oise
61001;25744;10.68;1775;1827;13408;15089;13408;128;1552;4907;17974;16544;15654;2081;10200;Alençon
62041;42337;11.63;3205;2270;21253;23912;21253;427;2231;6995;33798;31352;27517;3674;19440;Arras
62119;24983;9.46;1698;1604;12240;14183;12240;182;1760;4656;17155;15718;16172;2111;10957;Béthune
62160;40588;8.42;3218;2792;20317;23623;20317;485;2820;5980;21904;19933;25697;4387;17577;Boulogne-sur-Mer
62178;21953;16.35;1610;1565;9753;10864;9753;90;1020;3316;7958;7355;13611;2167;9110;Bruay-la-Buissière
62193;67544;33.5;5772;4220;31829;36350;31829;711;3809;14028;30931;28372;43424;7246;28956;Calais
62427;25886;20.72;2295;1597;11216;12557;11216;64;1276;5371;12339;11483;16337;2218;11408;Hénin-Beaumont
62498;32458;11.7;2560;2270;15309;17552;15309;155;2087;4045;21468;20066;20083;3530;13202;Lens
62510;30102;12.83;2426;2086;12841;13697;12841;51;803;5015;10919;10158;18858;2881;12166;Liévin
63113;147284;42.67;10603;6454;79994;90991;79994;3863;7133;24822;106576;97382;101330;11429;67938;Clermont-Ferrand
63124;20356;18.58;1132;909;9367;10036;9367;149;519;5986;9739;8633;11704;1000;8801;Cournon-d'Auvergne
64024;40310;26.93;1822;2560;21436;27458;21436;4163;1858;12023;19064;15701;23819;2202;17721;Anglet
64102;52006;21.68;3220;2903;28516;31780;28516;1426;1836;10413;33931;29103;33835;2946;24938;Bayonne
64122;25885;11.66;923;2421;14856;26085;14856;10782;446;8397;14007;10300;13679;1351;10091;Biarritz
64445;75665;31.51;4886;5039;43020;53389;43020;1581;8788;16730;51394;45408;48239;5887;33191;Pau
65440;42925;15.33;2970;3136;24693;29773;24693;760;4319;8606;27931;24701;27291;3671;17704;Tarbes
66136;118032;68.07;9489;8033;58728;73376;58728;2805;11842;23819;67666;58551;70363;10491;43560;Perpignan
67180;35448;182.59;2241;1593;16501;18355;16501;261;1592;8783;23784;21854;23451;2113;18118;Haguenau
67218;27087;22.21;1719;1245;13200;15022;13200;444;1377;6133;15908;14673;17671;1423;13399;Illkirch-Graffenstaden
67447;33993;7.63;2973;1640;15648;17329;15648;232;1448;4966;19109;17541;22152;2955;16557;Schiltigheim
67482;290576;78.26;23628;12204;139597;160220;139597;7712;12910;38411;174182;156159;199089;22944;135633;Strasbourg
68066;68294;66.57;4975;3765;32675;36052;32675;1540;1836;12344;46021;41856;43416;5172;32678;Colmar
68224;108038;22.18;10781;6027;47948;58376;47948;1093;9334;16111;55551;50346;68026;11521;45259;Mulhouse
68297;22835;16.85;1528;912;10291;11487;10291;470;724;4331;10336;9595;14839;2005;10941;Saint-Louis
69029;42442;10.3;3904;1551;18260;19648;18260;266;1122;8554;25222;23601;26726;2606;19543;Bron
69034;43355;10.45;3129;2174;20539;22696;20539;472;1683;11550;13082;11062;25836;1911;20156;Caluire-et-Cuire
69091;20672;17.34;2022;1128;8147;8972;8147;56;769;3454;6959;6300;12346;1648;8654;Givors
69123;522228;47.87;45835;20690;270043;311618;270043;16321;25254;91118;341361;297900;365746;32267;269881;Lyon
69149;26994;4.4;2320;1187;13078;14251;13078;246;926;6440;7530;6472;17427;1586;13496;Oullins
69202;22077;6.83;1291;1182;10024;10736;10024;149;561;6482;5137;4135;12384;852;9494;Sainte-Foy-lès-Lyon
69204;20971;12.92;1438;818;9065;9579;9065;110;404;5285;9236;8123;12714;936;9424;Saint-Genis-Laval
69244;22475;7.79;1761;840;10596;11491;10596;301;593;5400;6669;5528;13968;1052;10865;Tassin-la-Demi-Lune
69256;51761;20.95;6118;1668;18271;19970;18271;133;1565;6989;20709;18720;31831;4512;21426;Vaulx-en-Velin
69259;66765;15.33;8070;2369;26985;29489;26985;353;2151;9171;27286;25114;40839;6080;27819;Vénissieux
69264;36009;9.48;3742;1795;17090;19273;17090;301;1881;6026;19891;17491;21912;2623;15654;Villefranche-sur-Saône
69266;154781;14.52;15368;5345;76852;87060;76852;3019;7188;26905;61108;54554;106754;10953;76431;Villeurbanne
69275;28913;17.01;2779;1272;12223;12930;12223;81;625;6374;11048;9756;17764;1757;13450;Décines-Charpieu
69282;35134;23.01;2794;1313;13915;14870;13915;171;783;8655;13661;12252;21289;1961;16351;Meyzieu
69286;30887;14.48;2867;1191;11981;12943;11981;74;887;4852;11370;10098;18496;2017;12732;Rillieux-la-Pape
69290;48318;29.71;4773;1767;19977;21925;19977;339;1608;9986;40192;37540;30170;3004;22650;Saint-Priest
71076;45094;15.22;3451;2642;24310;27623;24310;778;2535;9087;31113;28309;27115;3551;20128;Chalon-sur-Saône
71153;21057;18.11;1237;2198;11009;12844;11009;212;1622;4526;11200;10206;11903;1351;7895;Le Creusot
71270;34414;27.04;2837;2089;16747;19138;16747;575;1814;6194;26675;24214;20274;2522;14939;Mâcon
72181;145155;52.81;10893;8404;72932;83515;72932;2547;8036;33112;83889;76930;88838;11454;64298;Le Mans
73008;31100;12.62;1930;2123;16476;21613;16476;3099;2038;8462;12933;10825;18381;1717;14180;Aix-les-Bains
73065;59172;20.99;4747;3192;28669;32853;28669;979;3204;11560;41619;37327;37301;3800;26781;Chambéry
74010;131766;66.93;9503;6171;64422;74190;64422;4573;5194;32192;72793;62396;83194;6270;65607;Annecy
74012;37485;4.98;3819;1199;17650;20117;17650;755;1712;6288;13618;11741;24650;3310;19219;Annemasse
74281;36626;16.21;2858;2252;17499;21395;17499;1735;2160;8364;15610;13493;22073;2202;17387;Thonon-les-Bains
75056;2145906;105.4;167944;83459;1131609;1393799;1131609;134210;127979;377474;1865785;1599167;1489585;129095;1166117;Paris
76217;28091;11.67;1895;2762;14916;19601;14916;1970;2714;5319;16158;14540;15978;2576;10861;Dieppe
76322;26034;11.11;1619;1503;12971;13390;12971;41;377;3374;10215;9581;15428;1639;11442;Le Grand-Quevilly
76351;165830;46.95;13734;10892;81382;93827;81382;2230;10214;32040;71199;65157;102235;14902;71554;Le Havre
76498;21997;4.35;2293;1093;10154;11509;10154;80;1275;4074;8016;7353;14087;1939;10243;Le Petit-Quevilly
76540;114187;21.38;8628;5200;65299;74683;65299;1968;7415;18212;87657;79367;81870;9562;55563;Rouen
76575;28331;18.25;2568;1508;11986;13152;11986;121;1044;5393;15634;14872;17311;2242;11285;Saint-Étienne-du-Rouvray
76681;29071;7.44;2347;2127;13703;14895;13703;209;981;6762;10517;9708;17595;2193;12879;Sotteville-lès-Rouen
77058;26551;13.39;2562;420;10893;11512;10893;132;486;5399;9539;8528;18987;1570;14947;Bussy-Saint-Georges
77083;25230;7.35;2183;638;10464;11138;10464;134;539;4827;9905;9039;16949;1528;12083;Champs-sur-Marne
77108;54372;15.9;5447;1920;22370;24155;22370;315;1469;12736;13912;12279;34413;3077;26522;Chelles
77122;21657;14.48;1827;780;8848;9383;8848;71;463;5743;5418;4844;13664;1083;10589;Combs-la-Ville
77152;22318;10.24;2414;863;9228;9824;9228;91;504;3924;6348;5762;14086;1595;10170;Dammarie-les-Lys
77243;21139;5.72;1790;750;9569;10485;9569;166;749;5304;7365;6480;13662;1229;10802;Lagny-sur-Marne
77284;55709;14.98;5965;2081;23384;25511;23384;207;1919;8721;22796;20682;36034;4024;26964;Meaux
77285;20677;5.34;2115;830;7849;8801;7849;309;642;3558;3078;2745;12648;1567;9159;Le Mée-sur-Seine
77288;41609;8.04;4962;1634;17824;20273;17824;248;2200;5042;25460;23407;27282;3265;20289;Melun
77294;20620;29.95;1768;736;7417;8020;7417;128;475;4502;9705;8894;13273;1260;10110;Mitry-Mory
77305;21888;9.1;2080;941;8071;8823;8071;50;701;2076;8897;8131;13056;1867;8356;Montereau-Fault-Yonne
77350;20712;15.58;1236;619;8315;8869;8315;150;403;5540;4921;4112;13425;918;10368;Ozoir-la-Ferrière
77373;37579;13.64;3218;1194;14693;15548;14693;121;733;8823;9995;8729;24564;1863;19066;Pontault-Combault
77390;22643;13.65;1884;718;8186;8488;8186;52;249;5448;6352;5729;14837;1244;11322;Roissy-en-Brie
77445;30169;11.97;2790;684;10402;10874;10402;21;449;5925;6749;6154;19967;1947;14849;Savigny-le-Temple
77468;22500;6.0;2373;586;9025;9616;9025;187;402;4017;7623;6913;14806;1451;11376;Torcy
77514;26700;8.29;2785;758;10449;11323;10449;112;760;5701;4974;4340;17361;1539;13299;Villeparisis
78005;21660;9.44;2060;517;9015;9579;9015;76;487;3759;4570;4123;14331;1386;11357;Achères
78126;20496;5.82;1349;830;8418;9106;8418;132;556;4470;3545;2809;12714;933;9602;La Celle-Saint-Cloud
78146;29709;5.08;2263;1222;12814;14219;12814;304;1099;7767;6728;5495;18700;1200;14648;Chatou
78158;31057;7.02;1719;1505;14750;16347;14750;475;1121;8930;11682;10283;18321;1253;14214;Le Chesnay-Rocquencourt
78172;35957;9.9;3085;1651;14472;15733;14472;139;1122;8916;8743;7515;22818;1611;17575;Conflans-Sainte-Honorine
78208;25857;8.51;2385;614;10887;11881;10887;166;827;6727;13433;12684;16931;1323;13533;Élancourt
78297;29269;13.0;2662;535;11925;12839;11925;323;591;4671;35951;34620;19902;1568;15567;Guyancourt
78311;33250;4.43;2842;1054;14014;15243;14014;228;1000;9039;5368;4250;21791;1451;17604;Houilles
78358;23204;6.75;1660;1192;10466;11672;10466;426;780;6215;6724;5571;14455;863;11669;Maisons-Laffitte
78361;43945;9.38;5199;1608;17072;18104;17072;84;947;5165;14632;13213;27385;3689;18459;Mantes-la-Jolie
78362;20844;6.06;2312;805;8355;9112;8355;88;668;3907;4661;4219;12618;1651;9504;Mantes-la-Ville
78423;31854;11.65;2580;680;14274;15263;14274;327;661;8254;23073;21578;21455;1256;16560;Montigny-le-Bretonneux
78440;33543;11.99;3817;944;11559;12250;11559;89;602;4890;12543;11756;20249;2464;14007;Les Mureaux
78490;30897;18.68;2847;1078;12161;13002;12161;123;716;6892;13718;12665;19720;1619;15483;Plaisir
78498;39731;13.28;3891;1605;17035;18253;17035;248;970;7032;22625;21169;24616;2513;19101;Poissy
78517;27043;35.19;1795;1224;12649;13916;12649;347;918;6673;12737;11343;16731;1148;12798;Rambouillet
78545;20611;5.01;1873;589;8481;9426;8481;352;592;3836;3109;2661;13781;964;11048;Saint-Cyr-l'École
78551;44410;51.94;2927;1714;19639;21590;19639;763;1187;9088;18519;16006;27645;2075;21023;Saint-Germain-en-Laye
78586;51746;8.46;5169;2095;21215;22646;21215;204;1226;11851;11466;9993;33685;3085;26099;Sartrouville
78621;33419;13.47;4005;735;11735;12847;11735;105;1006;3687;17253;16162;21242;2510;15564;Trappes
78640;22836;8.93;1759;807;10313;11711;10313;549;848;4226;40054;38500;15168;854;12502;Vélizy-Villacoublay
78646;83583;26.18;6628;3694;37102;42379;37102;1954;3321;16119;47175;41601;52816;3193;40112;Versailles
79191;58966;68.2;3532;3434;30897;34987;30897;1062;3027;15012;47376;43706;36825;3688;27821;Niort
80001;22895;26.42;1482;1727;11264;12653;11264;237;1151;4443;14063;12911;13657;2112;9310;Abbeville
80021;134167;49.76;10106;6320;67663;76686;67663;2058;6964;20922;79598;73698;91484;11991;59679;Amiens
81004;49094;44.26;2643;3785;26351;29784;26351;1015;2417;12138;30925;27063;29795;3441;20117;Albi
81065;42394;98.17;2561;2748;20598;23716;20598;409;2708;11430;23394;20592;24988;2876;18046;Castres
82121;61677;135.17;4344;3429;28358;32474;28358;520;3596;15407;37843;33371;37757;3815;26758;Montauban
83050;39434;53.75;2913;2168;17692;21294;17692;645;2956;8860;16683;14291;23714;2698;16797;Draguignan
83061;55750;102.27;3589;3428;26727;44829;26727;16602;1500;14625;21024;17025;31436;3333;23222;Fréjus
83062;25563;15.54;1386;1614;12341;13299;12341;327;630;5950;12818;11422;15599;1448;10631;La Garde
83069;54615;132.38;2990;4032;27168;39885;27168;10109;2608;13442;23852;19677;30830;3145;22337;Hyères
83118;35881;89.59;1570;3247;18896;36385;18896;16064;1425;12076;10405;7809;16876;1667;12035;Saint-Raphaël
83126;62232;22.17;4707;4245;29499;36912;29499;3778;3634;15559;19476;16517;36256;4033;25700;La Seyne-sur-Mer
83129;35339;26.58;1631;2605;17950;27439;17950;8220;1268;11517;9742;7629;18866;1717;13854;Six-Fours-les-Plages
83137;179659;42.84;12453;10884;89522;95201;89522;2224;3453;39851;81196;70275;108942;11271;77022;Toulon
83144;24114;15.5;1404;1603;11672;12615;11672;159;784;6828;10752;9370;14359;1194;11036;La Valette-du-Var
84007;90597;64.91;8873;4925;43396;54503;43396;2543;8563;15303;58466;51196;55869;8724;37985;Avignon
84031;29865;37.92;2490;1802;13382;15634;13382;457;1794;6180;13460;11337;17138;2512;12217;Carpentras
84035;25832;45.96;2328;1538;12004;14018;12004;279;1733;5265;13893;12068;15281;1766;11021;Cavaillon
84054;20029;44.57;1104;1247;9690;11458;9690;934;833;5374;7099;5481;11732;1420;8959;L'Isle-sur-la-Sorgue
84087;28454;74.2;2323;1755;12920;14528;12920;233;1373;6071;14119;12318;16938;2042;12185;Orange
84089;20498;66.23;1578;934;9459;10465;9459;175;830;5155;7726;6288;12622;1252;9845;Pertuis
85047;21900;64.84;901;1340;10600;11527;10600;212;714;6581;11990;10575;11992;1163;8878;Challans
85146;20578;116.65;1278;757;8710;9217;8710;148;357;6079;14022;12815;13150;758;10537;Montaigu-Vendée
85191;55213;87.52;3088;2899;28285;30616;28285;803;1527;13460;44483;41233;34855;3476;24828;La Roche-sur-Yon
85194;46941;85.66;1526;4120;24905;41697;24905;15369;1422;16448;18392;15199;23107;2225;16686;Les Sables-d'Olonne
86066;31573;51.93;2188;2369;15780;18472;15780;450;2241;8339;18832;17307;18055;2516;12660;Châtellerault
86194;90033;42.11;6031;3508;50003;56062;50003;1675;4383;15021;61107;56043;63399;7016;39352;Poitiers
87085;130592;78.03;8769;7567;73000;82609;73000;2369;7240;28748;82596;75148;83412;9734;56556;Limoges
88160;31832;59.24;2186;1872;15932;19042;15932;372;2737;6617;23161;21089;19983;2489;13885;Épinal
89024;34151;49.95;2435;2471;17477;21000;17477;588;2933;6996;25057;22860;20828;2326;14931;Auxerre
89387;26854;21.9;2266;1848;13104;14912;13104;351;1456;4765;16169;14529;15601;2477;11344;Sens
90010;45458;17.1;3782;2332;23352;27654;23352;357;3943;7452;25670;23478;29469;4177;20444;Belfort
91027;35641;8.56;3734;1268;14295;15268;14295;114;858;6166;10043;9237;22579;1521;17195;Athis-Mons
91103;27006;14.56;2723;788;11048;12045;11048;153;844;5308;11430;10604;17435;1672;13896;Brétigny-sur-Orge
91114;25344;6.62;1881;1153;10664;11451;10664;116;670;7059;5359;4532;15738;1027;11943;Brunoy
91174;52340;11.01;6788;1659;21007;23366;21007;155;2203;8215;20585;18901;34230;2853;24494;Corbeil-Essonnes
91201;28595;15.75;2108;1266;11651;12398;11651;84;663;6825;6573;5658;17317;1515;13122;Draveil
91223;26251;40.92;2433;1009;10618;11917;10618;110;1189;4691;11053;9928;16901;1956;12573;Étampes
91228;66106;12.7;7993;1650;26242;28503;26242;583;1677;10835;40181;37604;43722;5293;31051;Évry-Courcouronnes
91272;21439;11.6;1049;654;9590;10663;9590;345;727;5863;10058;9167;13734;770;9587;Gif-sur-Yvette
91286;27571;4.87;3794;666;9205;10108;9205;26;876;2906;7458;6935;17492;2321;11219;Grigny
91345;21105;4.84;2057;759;8852;9722;8852;113;756;4674;7258;6558;13441;1166;10414;Longjumeau
91377;50506;9.43;5826;1572;22516;24132;22516;683;932;8932;31916;29739;34003;2792;27088;Massy
91421;23943;11.22;1926;1205;9418;10190;9418;91;680;5651;5603;4869;14975;1176;11188;Montgeron
91434;20149;4.39;1800;780;8117;9190;8117;119;954;5279;2943;2399;12617;1188;9745;Morsang-sur-Orge
91477;34750;11.51;3044;1032;15771;17492;15771;583;1136;7404;16282;15017;23654;1569;17478;Palaiseau
91521;29643;8.71;3075;1062;11404;12268;11404;89;774;6167;6716;5772;18415;1909;13715;Ris-Orangis
91549;35879;9.27;3031;1547;14951;15400;14951;136;312;8726;10322;8999;22473;2002;17172;Sainte-Geneviève-des-Bois
91570;21298;5.29;1822;729;8829;9785;8829;117;838;4625;4397;3948;13200;1296;10320;Saint-Michel-sur-Orge
91589;37190;6.97;3110;1552;15468;16982;15468;239;1275;9724;5939;4876;24169;2122;18611;Savigny-sur-Orge
91657;31495;8.77;3251;1101;11853;12674;11853;112;709;5594;4137;3510;19895;2261;15103;Vigneux-sur-Seine
91687;31098;6.07;3353;1215;13055;14774;13055;172;1546;6444;8378;7539;19440;2201;15095;Viry-Châtillon
91691;29097;9.84;2145;1208;12082;12846;12082;103;660;8429;4605;3703;18156;1395;14280;Yerres
91692;25165;5.18;2566;578;9699;10385;9699;164;521;3575;15573;14702;16130;1818;11815;Les Ulis
92002;62906;9.56;4974;2303;27375;29673;27375;497;1800;15775;22651;19995;40139;2846;31295;Antony
92004;88004;4.82;9597;2910;39065;45001;39065;1568;4367;16501;22783;19309;59332;5051;47678;Asnières-sur-Seine
92007;41967;4.19;4147;1485;17450;18572;17450;303;818;4253;11475;10284;27866;3318;21554;Bagneux
92009;29555;1.92;2320;1079;13368;14662;13368;373;920;7076;12583;11325;19800;1425;15750;Bois-Colombes
92012;120911;6.17;10024;4506;59417;67734;59417;3822;4494;26197;90145;79216;80223;5750;65566;Boulogne-Billancourt
92014;20974;1.86;1439;810;9175;10053;9175;195;682;4787;5253;4395;13523;903;10359;Bourg-la-Reine
92019;34383;6.38;2887;1247;14838;16078;14838;212;1027;6405;7588;6644;22547;1920;17491;Châtenay-Malabry
92020;36392;2.92;3169;1335;16658;18249;16658;572;1017;8212;15194;13844;24254;1719;19571;Châtillon
92022;20524;3.55;1677;737;9140;10047;9140;200;706;4774;3591;2894;13643;903;11016;Chaville
92023;53179;8.77;3976;2545;22696;24914;22696;750;1468;11629;18514;16306;34173;2663;26926;Clamart
92024;62933;3.08;5992;1866;29330;32077;29330;949;1797;8350;36191;33076;43468;4461;34224;Clichy
92025;86775;7.81;8432;3218;35908;38933;35908;659;2365;16274;31508;28289;57580;5546;44200;Colombes
92026;82074;4.17;7944;2757;39514;48189;39514;4559;4114;16932;100483;94379;56229;4056;45321;Courbevoie
92032;25174;2.51;1827;980;11035;11831;11035;240;556;4702;7082;6349;15871;1429;12237;Fontenay-aux-Roses
92035;29624;1.78;2654;934;13739;15409;13739;369;1300;6736;10700;9312;20103;1312;16480;La Garenne-Colombes
92036;49880;11.64;5121;1683;19378;20310;19378;150;781;4303;41930;39812;31691;4498;23316;Gennevilliers
92040;67937;4.25;6253;2172;32002;36846;32002;2530;2314;13517;55742;51596;46237;2920;37847;Issy-les-Moulineaux
92044;67258;2.41;6304;2067;32574;36388;32574;1290;2524;12333;60623;55391;45137;3217;37211;Levallois-Perret
92046;31230;2.07;2218;1053;14912;16284;14912;582;789;4252;15399;13847;21271;2069;16564;Malakoff
92048;45825;9.9;3315;2008;19953;21702;19953;461;1287;10620;17522;15413;28685;2178;22500;Meudon
92049;47907;2.07;4243;1758;24093;27273;24093;1215;1964;9611;29000;26398;32843;2576;26638;Montrouge
92050;95782;12.19;10085;3072;39000;42091;39000;959;2131;11042;88087;83045;65008;6730;49259;Nanterre
92051;59388;3.73;3914;3259;28929;34921;28929;2801;3190;14272;47315;41525;36176;2522;27509;Neuilly-sur-Seine
92060;29562;3.43;2272;901;13300;14014;13300;265;449;6226;14770;13747;18848;1180;15483;Le Plessis-Robinson
92062;44009;3.19;4322;1389;21096;25065;21096;1827;2141;8069;80522;76317;30332;2421;25082;Puteaux
92063;78265;14.7;5941;2993;34085;37135;34085;686;2364;17535;41943;38193;50117;3699;39556;Rueil-Malmaison
92064;29560;7.56;2144;1284;12832;14344;12832;515;996;7127;17058;15203;18434;1138;14459;Saint-Cloud
92071;20359;3.6;924;999;9034;9678;9034;336;308;4312;5778;4813;12546;799;9240;Sceaux
92072;23108;3.91;1585;985;10069;10767;10069;261;436;5464;9728;8611;14641;1213;11840;Sèvres
92073;49482;3.79;4431;1631;22021;23870;22021;519;1329;8196;28081;25536;33257;2691;27192;Suresnes
92075;27871;1.56;1759;1113;13384;15325;13384;930;1010;5988;7834;6711;18596;1263;14586;Vanves
92078;24592;3.2;2609;826;9370;9927;9370;140;417;2364;9456;8785;15500;1993;10942;Villeneuve-la-Garenne
93001;89401;5.76;9434;2487;34274;36718;34274;278;2165;7691;34052;30359;60985;8629;43000;Aubervilliers
93005;86485;16.2;8584;2737;30794;32492;30794;269;1428;13767;27755;25196;55318;7245;39038;Aulnay-sous-Bois
93006;38470;2.57;3309;1437;15655;17229;15655;183;1390;5055;13655;11920;25895;3210;19162;Bagnolet
93007;57989;8.05;6424;1762;20436;21640;20436;283;921;8094;11775;10441;37290;5128;26113;Le Blanc-Mesnil
93008;54906;6.77;5883;1663;19278;20418;19278;138;1000;5115;30127;28309;35360;4458;22884;Bobigny
93010;53342;5.47;6216;1990;20106;21801;20106;159;1536;8257;12436;11051;34071;4672;24204;Bondy
93014;29568;3.95;3760;631;9047;9536;9047;49;439;3055;5278;4778;18273;1993;10883;Clichy-sous-Bois
93027;46828;7.52;4853;1151;15980;16829;15980;136;712;4103;13102;11780;31288;5217;21588;La Courneuve
93029;71276;7.76;8008;2618;27999;30459;27999;328;2131;11967;12909;11105;46239;6555;33620;Drancy
93031;54419;4.57;6079;1667;20665;22277;20665;217;1394;7185;9563;8494;35288;4444;25035;Épinay-sur-Seine
93032;39588;6.83;3873;1491;15553;16585;15553;141;891;9087;5293;4385;25282;2521;19147;Gagny
93045;23276;1.26;1965;880;10845;11901;10845;183;873;4278;5168;4248;15329;1542;11995;Les Lilas
93046;45618;7.38;4896;1811;18490;19992;18490;206;1294;10410;8450;7147;28901;2761;21819;Livry-Gargan
93047;28006;5.45;2650;1039;9500;9932;9500;60;371;5824;6515;5622;17617;1742;12216;Montfermeil
93048;111367;8.92;11069;3635;48931;52793;48931;961;2899;17506;56848;50323;75226;9859;58506;Montreuil
93049;20934;3.42;1708;821;9196;10105;9196;294;614;5254;5944;5109;14030;1235;10999;Neuilly-Plaisance
93050;36535;6.86;3608;1077;14576;15216;14576;88;551;5978;9333;8403;23855;2042;17644;Neuilly-sur-Marne
93051;68930;12.95;6738;1901;28472;30584;28472;458;1654;13961;27918;25504;45207;4533;34625;Noisy-le-Grand
93053;45043;5.04;4675;1350;17418;18800;17418;153;1228;6192;10733;9564;29163;3493;21421;Noisy-le-Sec
93055;60419;5.01;6209;1983;25870;27581;25870;554;1157;7300;29842;27091;40481;4801;31102;Pantin
93057;23904;2.92;2731;970;9687;10603;9687;116;800;5219;5539;4766;15583;1647;12107;Les Pavillons-sous-Bois
93059;31344;3.41;3665;850;10954;11708;10954;88;665;3423;5551;4892;20451;2755;13855;Pierrefitte-sur-Seine
93063;31469;3.44;3026;916;12692;13720;12692;68;959;4790;7424;6497;20589;2282;15129;Romainville
93064;45442;5.91;5286;1565;19098;21399;19098;465;1835;8505;15048;13753;29567;3219;22945;Rosny-sous-Bois
93066;113116;12.36;13502;3140;46024;50015;46024;850;3140;9930;88807;83284;77060;11671;54749;Saint-Denis
93070;51547;4.31;5650;1576;23439;27002;23439;758;2804;5231;36793;33577;36174;4712;27760;Saint-Ouen-sur-Seine
93071;51778;7.28;5691;1499;17437;18436;17437;114;884;7984;8732;7702;32888;4520;22975;Sevran
93072;39193;5.39;4261;1231;13712;14785;13712;45;1027;3810;8852;7917;25158;3390;16792;Stains
93073;36477;22.44;3497;1352;13485;14365;13485;132;747;7783;25227;23857;23379;2609;17704;Tremblay-en-France
93077;30583;4.04;2818;1122;12613;13546;12613;96;836;6376;5010;4194;19905;1625;15181;Villemomble
93078;38204;10.37;3992;969;12632;13429;12632;155;642;6654;16168;15116;24555;3009;16943;Villepinte
94002;45151;3.67;4486;1557;21118;23191;21118;193;1879;6460;11827;10240;30256;3487;23569;Alfortville
94003;21840;2.33;1869;744;10142;11030;10142;190;697;3085;16931;15964;14993;1359;11245;Arcueil
94016;30214;2.74;2388;1526;13581;14706;13581;250;874;4947;7621;6875;20464;2054;14658;Cachan
94017;77439;11.3;7288;2731;30734;32846;30734;332;1778;13905;17644;15170;50686;5212;37493;Champigny-sur-Marne
94018;29632;1.85;2773;1024;13994;15819;13994;727;1096;5539;14579;13082;19400;1350;15525;Charenton-le-Pont
94021;20372;4.22;1696;702;8121;8877;8121;322;433;3527;8207;7632;13143;1029;9754;Chevilly-Larue
94022;46229;5.43;5030;1444;19806;21263;19806;301;1155;7663;10834;9490;30847;3483;23594;Choisy-le-Roi
94028;92566;11.46;9058;2780;38878;40796;38878;360;1557;13397;55346;51897;60890;6252;45520;Créteil
94033;51386;5.58;4138;2051;21810;24021;21810;395;1815;10343;30181;27684;33329;3109;26075;Fontenay-sous-Bois
94034;28556;3.56;2601;927;11240;12129;11240;104;784;5334;7820;7091;19637;1289;13542;Fresnes
94038;31647;3.9;2669;1276;13022;14074;13022;163;889;5980;5283;4354;19550;1834;14764;L'Haÿ-les-Roses
94041;64016;6.1;5883;2183;29048;32001;29048;974;1977;8800;32777;29755;44561;4855;32933;Ivry-sur-Seine
94043;24513;1.54;2179;823;11593;13170;11593;392;1183;3274;13484;12503;17225;1806;13178;Le Kremlin-Bicêtre
94044;28290;6.93;3391;795;10460;11234;10460;153;620;5629;6382;5719;18142;1461;14257;Limeil-Brévannes
94046;57639;5.35;4784;2023;26528;29118;26528;765;1825;11642;16285;14354;38668;2900;30681;Maisons-Alfort
94052;33578;2.8;2779;1297;15468;17231;15468;423;1340;8542;8398;6921;21276;1593;17071;Nogent-sur-Marne
94054;24361;6.69;2565;872;9572;10156;9572;82;501;3281;22796;21766;15525;1820;11303;Orly
94058;33697;3.96;2646;1319;15037;16820;15037;326;1456;9400;5471;4251;21669;1498;17430;Le Perreux-sur-Marne
94067;21991;0.92;1851;952;10444;11822;10444;414;963;5388;8043;6843;14102;996;11236;Saint-Mandé
94068;74520;11.25;4959;3517;34456;37672;34456;635;2579;21668;20099;16031;47123;2964;36664;Saint-Maur-des-Fossés
94071;27040;10.43;1787;1122;11061;11177;11061;56;59;7264;7086;6135;16820;1219;12695;Sucy-en-Brie
94073;30788;6.43;2638;1097;13191;13991;13191;219;581;7072;10618;9614;20345;1727;15692;Thiais
94076;56349;5.34;5075;2106;25392;27997;25392;846;1758;9328;22949;21027;38010;4141;27668;Villejuif
94077;21411;8.4;1967;762;8503;8784;8503;42;238;4887;6106;5380;13578;1393;10331;Villeneuve-le-Roi
94078;34845;8.75;4298;1163;12744;13826;12744;84;997;4164;10423;9662;22947;2636;16045;Villeneuve-Saint-Georges
94079;29672;4.33;2756;1080;12555;13288;12555;214;518;6385;5414;4780;19727;1335;14828;Villiers-sur-Marne
94080;49697;1.91;4141;1783;24893;27772;24893;1233;1645;11903;17312;14330;33561;2304;28043;Vincennes
94081;95649;11.67;9199;3098;38046;40848;38046;629;2171;14167;27711;25016;62954;6859;45354;Vitry-sur-Seine
95018;108567;17.22;13250;3672;42116;45613;42116;393;3102;18750;29181;26172;70732;8296;52101;Argenteuil
95063;31866;4.16;3477;936;12381;13711;12381;105;1224;5532;13030;12014;20892;2211;16136;Bezons
95127;67790;11.65;8351;1256;27204;30373;27204;813;2354;8793;32823;30529;46353;5309;33044;Cergy
95176;26074;8.48;2007;1086;10371;11238;10371;178;688;6828;5575;4778;16825;1200;13257;Cormeilles-en-Parisis
95197;22050;3.76;2211;739;9627;10678;9627;59;991;5707;3430;2813;14600;1055;11422;Deuil-la-Barre
95203;25498;4.42;2191;1350;10402;11113;10402;109;600;6933;7480;6528;16076;1118;12531;Eaubonne
95219;29230;4.16;2776;1172;12484;13045;12484;101;460;6107;6834;5980;18441;1587;14252;Ermont
95252;37347;6.19;3737;1314;15732;16577;15732;176;668;8967;6777;5828;24079;2248;19175;Franconville
95268;43215;5.47;4834;1059;14072;14755;14072;100;583;4837;8208;7344;28016;3229;18345;Garges-lès-Gonesse
95277;25853;20.09;3150;1089;9654;10131;9654;83;393;4031;15297;14291;16768;1826;11929;Gonesse
95280;30910;11.52;3493;963;10289;11323;10289;391;642;5464;8533;7765;20046;2028;13576;Goussainville
95306;31747;12.74;2587;970;11843;13061;11843;68;1149;7755;8162;7000;20634;1539;15756;Herblay-sur-Seine
95424;22186;4.07;2237;610;7552;7900;7552;51;297;4040;3733;3228;14011;1516;10385;Montigny-lès-Cormeilles
95428;21688;5.37;1668;1305;9040;10118;9040;193;884;5124;4168;3329;13301;1051;10283;Montmorency
95500;31973;7.15;3208;1192;13671;15029;13671;229;1129;5003;14698;13217;21140;1781;15653;Pontoise
95555;20914;2.42;1697;941;8932;9713;8932;141;639;4449;3823;3169;12979;1331;10002;Saint-Gratien
95572;24743;12.21;2701;758;10039;10515;10039;49;426;4753;20114;18764;16127;1412;12282;Saint-Ouen-l'Aumône
95582;26524;4.78;2346;892;10692;11465;10692;109;663;5862;4938;4119;17337;1598;13361;Sannois
95585;58483;8.45;6873;2120;19611;20697;19611;155;931;5916;14533;12993;36657;5331;25221;Sarcelles
95607;26607;10.48;2091;1066;10639;11508;10639;190;679;6983;7279;6469;16812;1422;13010;Taverny
95680;28636;7.3;3738;851;9793;10499;9793;104;601;3166;5109;4586;17901;2489;12443;Villiers-le-Bel
97101;52948;81.25;4474;2694;24719;31267;24719;806;5741;11181;22475;19250;33398;6696;22785;Les Abymes
97103;30316;46.0;2206;831;13024;14521;13024;204;1292;6551;27054;22974;19987;2685;14628;Baie-Mahault
97113;26919;45.2;2269;1211;12692;17620;12692;2643;2285;7364;6241;4626;17077;2732;12922;Le Gosier
97117;22230;82.84;1514;1208;9891;13203;9891;1384;1928;6488;5322;3913;13700;3062;9863;Le Moule
97118;24412;129.88;1806;938;10651;12402;10651;781;969;6498;4881;3591;15521;2685;11640;Petit-Bourg
97128;24430;80.29;1539;1095;11242;16552;11242;4036;1273;7406;4201;2976;15220;3461;11034;Sainte-Anne
97209;75286;44.21;5580;4912;37253;47402;37253;913;9235;15000;42465;36788;46785;7514;33489;Fort-de-France
97213;39628;62.32;2841;1616;18295;21768;18295;249;3223;8755;26283;23241;25605;3621;19454;Le Lamentin
97222;21627;47.3;1484;984;9577;11900;9577;953;1369;5999;4682;3734;13704;2550;10072;Le Robert
97302;65956;23.6;10806;1927;25233;29621;25233;865;3522;5476;30313;26726;42267;8849;28666;Cayenne
97304;24805;2160.0;3905;444;7660;8973;7660;393;918;2745;8584;7668;15824;3331;11039;Kourou
97307;34474;137.19;5002;620;11058;12883;11058;277;1546;5080;7919;6829;21450;3791;13788;Matoury
97309;25793;46.11;2432;456;9619;10520;9619;182;718;4356;6845;5803;17418;1979;12640;Remire-Montjoly
97311;49173;4830.0;12233;845;11324;12380;11324;479;576;5002;9599;7300;27191;7854;17049;Saint-Laurent-du-Maroni
97407;32619;16.62;3532;1146;12206;13009;12206;65;736;4116;20354;18563;21173;5912;13712;Le Port
97408;33370;118.35;3541;728;13018;14249;13018;188;1043;6566;7288;5973;22310;3594;16628;La Possession
97409;56857;53.07;6202;1720;21018;22998;21018;320;1659;10091;12491;10220;36565;8109;23369;Saint-André
97410;36994;229.61;4142;1297;13889;16020;13889;81;2048;7606;10119;8725;23387;5206;14561;Saint-Benoît
97411;153001;142.79;14303;4962;66819;75236;66819;1111;7304;20109;64865;57687;100289;19687;69707;Saint-Denis
97412;38465;178.5;3323;1566;15392;16859;15392;287;1179;9209;7798;6084;24451;7153;16782;Saint-Joseph
97413;34740;118.37;3271;1080;13786;15949;13786;739;1422;8600;8253;6478;23061;5792;17035;Saint-Leu
97414;53744;98.9;5904;1909;19835;22619;19835;632;2151;11537;12571;10608;34420;7956;22257;Saint-Louis
97415;104301;241.28;8816;3207;39904;48896;39904;4113;4878;24602;30912;25542;69078;12537;47050;Saint-Paul
97416;83930;95.99;7911;2980;33766;38878;33766;1350;3761;17124;38687;33103;55437;12433;38970;Saint-Pierre
97418;34350;87.21;3500;867;13107;14527;13107;146;1272;6789;12978;11636;22901;4274;16579;Sainte-Marie
97420;24086;57.84;2177;685;8814;9450;8814;56;579;4996;4996;4189;16083;3500;11461;Sainte-Suzanne
97422;80778;165.43;7374;2593;32851;35825;32851;936;2036;16858;17716;13630;52171;12504;36565;Le Tampon
